vehicle_id,plate,type,brand,model,year,capacity_kg,fuel_type,fuel_consumption_rate_lh,status
1,APW-3454,van,Fiat,Master,2016,500,diesel,6.19,activo
2,CAC-9110,van,Renault,Master,2015,500,diesel,7.9,activo
3,MSG-8408,moto,Yamaha,Burgman 125,2016,30,flex,2.42,activo
4,GMO-4242,van,Ford,Ducato,2016,500,flex,6.84,baja
5,FLL-6450,moto,Suzuki,Burgman 125,2012,30,flex,3.85,activo
6,AAY-2306,van,Fiat,Kombi,2015,500,flex,7.89,activo
7,EAS-1663,van,Fiat,Kombi,2016,500,gas_natural,6.57,activo
8,TQQ-7585,van,Renault,Master,2010,500,gas_natural,4.81,activo
9,AAS-6249,moto,Yamaha,Burgman 125,2010,30,flex,2.64,activo
10,DWK-5218,van,Ford,Master,2016,500,flex,6.3,activo
11,PAI-5282,moto,Honda,Factor 150,2015,30,flex,4.76,activo
12,DSZ-2986,van,Renault,Master,2012,500,gas_natural,5.91,activo
13,RHA-2802,van,Volkswagen,Master,2010,500,flex,5.23,activo
14,JCG-7287,moto,Suzuki,Burgman 125,2015,30,gasolina,5.19,activo
15,IIC-3255,moto,Honda,Factor 150,2010,30,gasolina,3.54,activo
16,TKQ-6539,truck,Ford Cargo,Accelo 1016,2017,5000,diesel_b10,12.22,activo
17,VCP-1956,moto,Suzuki,Factor 150,2010,30,flex,3.43,activo
18,PTX-7015,moto,Honda,Factor 150,2014,30,gasolina,1.65,activo
19,WVN-2693,van,Renault,Ducato,2017,500,gas_natural,6.1,activo
20,BUA-8022,moto,Yamaha,Burgman 125,2012,30,flex,2.24,activo
21,QLN-4444,moto,Honda,Burgman 125,2013,30,gasolina,3.26,activo
22,QNU-1606,van,Fiat,Master,2014,500,gas_natural,6.23,activo
23,CRY-6854,moto,Suzuki,CG 160,2014,30,gasolina,2.43,baja
24,OVW-4009,van,Ford,Master,2011,500,flex,5.37,activo
25,PGJ-3806,van,Ford,Ducato,2017,500,flex,7.8,activo
26,YDM-3368,moto,Honda,Factor 150,2016,30,flex,4.55,activo
27,BWV-5146,truck,Scania,Cargo 1119,2012,5000,diesel,9.74,activo
28,ZVQ-5777,moto,Honda,Factor 150,2011,30,gasolina,1.28,activo
29,LEG-6315,truck,Ford Cargo,Accelo 1016,2010,5000,diesel_b10,10.52,activo
30,WHT-7799,truck,Scania,VM 270,2012,5000,diesel_b10,12.21,activo
31,ZWZ-9932,van,Ford,Kombi,2010,500,flex,4.74,activo
32,UAZ-1512,moto,Suzuki,CG 160,2013,30,flex,1.0,activo
33,PGE-8004,van,Ford,Master,2010,500,flex,4.8,activo
34,VYN-6188,van,Renault,Kombi,2014,500,flex,7.58,activo
35,PUG-8421,van,Ford,Master,2014,500,flex,5.22,activo
36,DBT-8390,van,Ford,Transit,2014,500,flex,6.33,baja
37,XPW-7303,truck,Ford Cargo,Accelo 1016,2017,5000,diesel_b10,9.96,activo
38,AAS-6732,van,Ford,Kombi,2013,500,diesel,7.0,activo
39,NBS-9945,moto,Yamaha,Burgman 125,2013,30,flex,2.07,activo
40,JZB-9306,truck,Ford Cargo,Accelo 1016,2011,5000,diesel,10.32,activo
41,DJE-3504,truck,Mercedes-Benz,P 310,2014,5000,diesel,11.79,activo
42,RQG-3143,truck,Volvo,Cargo 1119,2013,5000,diesel,11.12,baja
43,CIQ-9787,truck,Mercedes-Benz,Cargo 1119,2010,5000,diesel_b10,12.68,activo
44,DLI-9082,moto,Suzuki,Burgman 125,2010,30,flex,4.3,activo
45,PUE-8266,moto,Yamaha,Burgman 125,2017,30,flex,1.49,activo
46,PYG-3156,moto,Honda,CG 160,2016,30,gasolina,1.0,baja
47,KKR-5846,moto,Yamaha,Burgman 125,2011,30,flex,4.45,activo
48,FGN-2191,truck,Ford Cargo,Accelo 1016,2014,5000,diesel,11.03,activo
49,HPM-2365,moto,Yamaha,Factor 150,2014,30,gasolina,1.18,baja
50,DFS-7588,van,Fiat,Ducato,2013,500,flex,6.51,activo
51,MRZ-7619,van,Ford,Transit,2012,500,diesel,6.39,activo
52,MYQ-8576,moto,Suzuki,CG 160,2012,30,gasolina,1.92,activo
53,OUP-6348,van,Ford,Transit,2013,500,flex,6.47,activo
54,IQN-4486,moto,Honda,Factor 150,2016,30,gasolina,3.7,activo
55,XUH-7819,moto,Suzuki,Burgman 125,2010,30,flex,3.02,activo
56,DVQ-6320,moto,Yamaha,CG 160,2010,30,flex,2.44,activo
57,EOY-1009,van,Renault,Master,2014,500,gas_natural,6.25,activo
58,XAV-3193,van,Fiat,Ducato,2016,500,gas_natural,7.24,activo
59,QMA-2633,moto,Honda,Factor 150,2016,30,flex,4.68,activo
60,FQE-6989,van,Fiat,Master,2016,500,gas_natural,5.93,activo
