driver_id,name,license_type,hire_date,region_assigned,vehicle_id,driver_behavior_score,fatigue_score_avg
1,Gabriel Pereira,B,2011-11-11,MA,1,0.8257,0.0
2,Gabriel Rodrigues,B,2016-11-22,RS,2,0.7863,1.0
3,Pedro Oliveira,A,2013-08-25,PI,3,0.02,0.1286
4,Renata Nascimento,A,2014-05-18,SC,5,0.2727,0.7752
5,Diego Barbosa,B,2010-05-09,RJ,6,0.2659,0.4713
6,Patricia Ribeiro,B,2012-09-26,PB,7,0.2225,0.3178
7,Claudia Rocha,B,2015-11-16,RS,8,0.1895,0.8133
8,Gustavo Barbosa,A,2014-04-15,RN,9,0.2607,0.8628
9,Lucia Araújo,B,2011-10-14,BA,10,0.6174,0.9006
10,Igor Ferreira,A,2012-12-13,MG,11,0.6735,0.7638
11,Marcos Nascimento,B,2012-09-23,BA,12,0.4978,0.2339
12,Mateus Melo,B,2011-12-25,PA,13,0.3475,0.3746
13,Pedro Alves,A,2010-04-10,MS,14,0.9501,1.0
14,Felipe Rodrigues,A,2015-02-15,SE,15,0.466,0.3851
15,Rodrigo Lima,C,2013-03-10,SC,16,0.8303,0.679
16,Eduardo Ferreira,A,2012-08-27,PR,17,0.2968,0.8913
17,Ana Ferreira,A,2010-01-21,SC,18,0.6449,0.3759
18,Rodrigo Oliveira,B,2012-08-23,MA,19,0.9737,0.4324
19,Lucas Ferreira,A,2016-08-05,RJ,20,0.0,0.8767
20,Mateus Ferreira,A,2016-06-22,MA,21,0.2664,0.6511
21,Gustavo Pereira,B,2015-09-02,CE,22,0.7087,1.0
22,Ana Souza,B,2014-06-26,MA,24,0.9279,0.5712
23,Mateus Carvalho,B,2013-01-20,PB,25,0.5703,0.9424
24,Lucas Melo,A,2015-05-11,ES,26,0.5159,0.8651
25,Igor Nascimento,C,2012-01-06,PR,27,1.0,0.9489
26,Mateus Alves,A,2010-05-09,ES,28,0.9496,0.4014
27,Julia Oliveira,C,2016-08-06,SE,29,0.1908,0.757
28,Fernando Alves,C,2011-05-24,RJ,30,0.5396,0.8235
29,Carlos Rodrigues,B,2013-03-03,CE,31,0.6259,0.7848
30,Marcos Lima,A,2013-03-21,MA,32,1.0,0.8417
31,Patricia Melo,B,2012-10-04,GO,33,0.8051,1.0
32,Leandro Ferreira,B,2016-08-14,SP,34,0.4617,0.4598
33,Mateus Silva,B,2016-01-25,PB,35,0.5763,0.8877
34,Rafael Ferreira,C,2012-07-19,MG,37,0.0,0.0
35,Bruno Cavalcanti,B,2016-03-08,PB,38,0.8414,0.5965
36,Lucas Ferreira,A,2015-07-27,SP,39,0.7271,0.9655
37,Julia Silva,C,2014-05-27,RS,40,0.9277,1.0
38,Ana Ferreira,C,2012-10-01,MS,41,0.4474,0.7399
39,Camila Cavalcanti,C,2016-04-13,PB,43,0.5437,0.4472
40,Eduardo Santos,A,2016-04-12,MA,44,0.3279,0.7313
