maintenance_id,vehicle_id,date,type,component,cost_brl,downtime_hours,mileage_at_service
1,1,2016-01-01,preventivo,correa_distribucion,366.45,1.5,36190
2,1,2016-04-01,preventivo,filtro_combustible,486.23,5.9,41479
3,1,2016-07-01,preventivo,aceite_motor,417.73,3.1,47724
4,1,2016-09-30,preventivo,neumaticos,474.14,4.4,51787
5,1,2016-12-31,preventivo,neumaticos,183.23,2.6,57559
6,1,2017-04-01,preventivo,revision_frenos,380.27,2.0,64737
7,1,2017-07-01,correctivo,inyectores,1426.84,26.5,69619
8,1,2017-09-30,preventivo,correa_distribucion,318.23,4.5,74485
9,1,2017-12-31,preventivo,filtro_aire,157.01,3.3,79470
10,1,2018-04-01,preventivo,revision_frenos,450.57,2.7,84015
11,1,2018-07-01,preventivo,neumaticos,425.58,4.3,90322
12,1,2018-09-30,preventivo,bateria,315.18,5.5,96727
13,1,2018-12-31,preventivo,filtro_aire,393.07,3.1,100488
14,2,2016-01-01,correctivo,motor,2781.02,36.7,35693
15,2,2016-04-01,preventivo,filtro_aire,262.12,4.5,40846
16,2,2016-07-01,preventivo,correa_distribucion,333.41,2.9,47789
17,2,2016-09-30,correctivo,inyectores,2114.52,23.7,54093
18,2,2016-12-31,correctivo,motor,1128.64,22.8,60452
19,2,2017-04-01,preventivo,filtro_combustible,494.54,3.4,67340
20,2,2017-07-01,correctivo,motor,778.7,19.1,71705
21,2,2017-09-30,correctivo,transmision,1584.1,46.7,79331
22,2,2017-12-31,correctivo,transmision,1731.95,26.6,83309
23,2,2018-04-01,preventivo,bateria,484.19,4.9,90872
24,2,2018-07-01,preventivo,correa_distribucion,428.92,1.1,96169
25,2,2018-09-30,preventivo,correa_distribucion,264.55,2.9,100785
26,2,2018-12-31,preventivo,filtro_combustible,299.14,3.0,105234
27,3,2016-01-01,correctivo,inyectores,718.73,34.5,52456
28,3,2016-03-19,preventivo,bateria,134.81,5.8,57093
29,3,2016-06-05,preventivo,filtro_combustible,150.96,2.9,64289
30,3,2016-08-22,preventivo,filtro_aire,154.67,5.5,68262
31,3,2016-11-08,preventivo,filtro_aire,166.43,2.4,76200
32,3,2017-01-26,preventivo,filtro_combustible,123.07,5.5,80298
33,3,2017-04-14,preventivo,aceite_motor,115.35,2.3,87482
34,3,2017-07-01,preventivo,neumaticos,97.68,4.9,94140
35,3,2017-09-17,correctivo,escape,786.54,7.3,98378
36,3,2017-12-04,preventivo,revision_frenos,117.32,1.3,104080
37,3,2018-02-21,correctivo,suspension,1194.95,28.6,109201
38,3,2018-05-10,preventivo,filtro_combustible,148.11,2.9,114387
39,3,2018-07-27,preventivo,aceite_motor,82.91,4.2,117522
40,3,2018-10-13,preventivo,correa_distribucion,222.18,3.0,122514
41,3,2018-12-31,preventivo,correa_distribucion,171.47,5.6,129275
42,4,2016-01-01,preventivo,aceite_motor,384.65,1.3,33629
43,4,2016-03-19,preventivo,neumaticos,239.65,1.7,39878
44,4,2016-06-05,preventivo,aceite_motor,161.44,3.7,44306
45,4,2016-08-22,preventivo,filtro_combustible,366.08,4.8,49677
46,4,2016-11-08,preventivo,neumaticos,340.89,4.5,53382
47,4,2017-01-26,preventivo,correa_distribucion,292.33,1.7,60705
48,4,2017-04-14,preventivo,filtro_combustible,495.28,3.3,67771
49,4,2017-07-01,preventivo,revision_frenos,364.08,3.8,72392
50,4,2017-09-17,preventivo,filtro_combustible,329.55,5.7,79653
51,4,2017-12-04,correctivo,sistema_electrico,1536.39,32.7,83719
52,4,2018-02-21,preventivo,correa_distribucion,471.36,3.3,89668
53,4,2018-05-10,preventivo,revision_frenos,254.74,5.7,95160
54,4,2018-07-27,preventivo,revision_frenos,395.21,4.2,102287
55,4,2018-10-13,preventivo,neumaticos,472.08,1.7,105500
56,4,2018-12-31,correctivo,motor,1872.74,17.9,109766
57,5,2016-01-01,correctivo,frenos,918.01,22.4,53997
58,5,2016-04-19,preventivo,bateria,188.95,5.2,60291
59,5,2016-08-07,correctivo,escape,808.88,10.8,63300
60,5,2016-11-24,preventivo,aceite_motor,247.03,1.8,69325
61,5,2017-03-14,preventivo,aceite_motor,226.62,1.3,74431
62,5,2017-07-01,preventivo,bateria,243.39,3.4,81522
63,5,2017-10-19,preventivo,bateria,84.18,4.2,86536
64,5,2018-02-05,preventivo,filtro_aire,124.37,3.0,93479
65,5,2018-05-26,preventivo,filtro_aire,192.01,4.2,100265
66,5,2018-09-12,preventivo,filtro_combustible,136.06,3.7,107910
67,5,2018-12-31,preventivo,revision_frenos,192.59,4.4,113306
68,6,2016-01-01,preventivo,correa_distribucion,489.33,5.7,45234
69,6,2016-03-25,preventivo,filtro_combustible,398.15,1.1,52193
70,6,2016-06-17,preventivo,correa_distribucion,346.4,2.5,58514
71,6,2016-09-09,preventivo,filtro_aire,282.1,4.8,63337
72,6,2016-12-02,preventivo,filtro_combustible,416.41,2.9,69466
73,6,2017-02-25,preventivo,neumaticos,481.15,5.1,76913
74,6,2017-05-20,preventivo,revision_frenos,416.36,1.7,82961
75,6,2017-08-12,preventivo,bateria,436.44,4.2,87422
76,6,2017-11-04,correctivo,inyectores,2835.5,12.9,92862
77,6,2018-01-28,correctivo,inyectores,2024.79,22.0,96604
78,6,2018-04-22,correctivo,motor,1354.92,23.1,99903
79,6,2018-07-15,preventivo,filtro_aire,370.39,2.1,105134
80,6,2018-10-07,correctivo,transmision,1443.0,16.8,112888
81,6,2018-12-31,preventivo,neumaticos,261.82,4.4,118231
82,7,2016-01-01,preventivo,correa_distribucion,294.86,4.9,45512
83,7,2016-04-01,preventivo,filtro_aire,162.48,3.6,50056
84,7,2016-07-01,preventivo,filtro_aire,405.57,4.5,53553
85,7,2016-09-30,correctivo,suspension,2029.11,17.4,58826
86,7,2016-12-31,correctivo,escape,2762.96,39.0,63598
87,7,2017-04-01,preventivo,filtro_aire,281.65,4.4,71553
88,7,2017-07-01,preventivo,filtro_aire,330.22,5.2,78524
89,7,2017-09-30,preventivo,correa_distribucion,476.77,3.9,85172
90,7,2017-12-31,correctivo,sistema_electrico,2367.93,47.4,90624
91,7,2018-04-01,preventivo,revision_frenos,249.94,1.9,96234
92,7,2018-07-01,preventivo,revision_frenos,291.72,1.8,102377
93,7,2018-09-30,correctivo,transmision,1834.61,41.1,106818
94,7,2018-12-31,preventivo,filtro_aire,428.1,3.5,112435
95,8,2016-01-01,correctivo,escape,2328.48,33.7,32138
96,8,2016-04-19,preventivo,filtro_aire,307.84,3.2,37476
97,8,2016-08-07,preventivo,neumaticos,251.48,3.3,45169
98,8,2016-11-24,preventivo,filtro_aire,390.85,6.0,49410
99,8,2017-03-14,preventivo,correa_distribucion,467.79,3.9,57085
100,8,2017-07-01,preventivo,neumaticos,306.12,4.9,61782
101,8,2017-10-19,preventivo,bateria,399.08,5.3,66507
102,8,2018-02-05,preventivo,neumaticos,211.65,4.6,70221
103,8,2018-05-26,preventivo,filtro_combustible,283.68,4.5,74915
104,8,2018-09-12,correctivo,frenos,2140.24,11.0,78953
105,8,2018-12-31,correctivo,suspension,2599.99,26.6,86562
106,9,2016-01-01,preventivo,filtro_aire,222.02,2.0,42380
107,9,2016-04-09,preventivo,filtro_aire,125.99,5.5,47710
108,9,2016-07-18,correctivo,inyectores,871.36,21.2,54602
109,9,2016-10-25,correctivo,inyectores,488.71,45.0,60795
110,9,2017-02-02,preventivo,correa_distribucion,168.89,2.9,68083
111,9,2017-05-12,preventivo,revision_frenos,219.45,1.4,73483
112,9,2017-08-20,preventivo,neumaticos,179.73,5.2,78772
113,9,2017-11-27,correctivo,suspension,638.05,24.2,81967
114,9,2018-03-07,preventivo,filtro_combustible,199.17,3.7,89531
115,9,2018-06-14,preventivo,filtro_aire,129.68,4.6,93009
116,9,2018-09-22,correctivo,motor,685.93,29.1,100844
117,9,2018-12-31,correctivo,transmision,556.28,23.5,107677
118,10,2016-01-01,correctivo,caja_cambios,647.64,31.8,34450
119,10,2016-05-16,correctivo,sistema_electrico,1869.06,16.9,39636
120,10,2016-09-30,preventivo,aceite_motor,472.42,4.2,46383
121,10,2017-02-14,preventivo,aceite_motor,360.0,4.8,49476
122,10,2017-07-01,preventivo,filtro_combustible,309.29,2.6,54655
123,10,2017-11-15,correctivo,inyectores,2270.18,23.7,57818
124,10,2018-04-01,preventivo,revision_frenos,262.0,2.4,63217
125,10,2018-08-16,preventivo,aceite_motor,407.62,2.6,66554
126,10,2018-12-31,correctivo,sistema_electrico,1674.52,23.3,71219
127,11,2016-01-01,correctivo,suspension,938.59,5.0,41368
128,11,2016-05-16,preventivo,bateria,84.15,2.1,45504
129,11,2016-09-30,preventivo,filtro_combustible,80.83,5.5,49703
130,11,2017-02-14,preventivo,revision_frenos,157.2,2.4,53490
131,11,2017-07-01,correctivo,caja_cambios,1036.46,37.6,58859
132,11,2017-11-15,preventivo,neumaticos,125.26,4.9,63965
133,11,2018-04-01,correctivo,inyectores,1154.69,23.3,71005
134,11,2018-08-16,preventivo,filtro_combustible,99.77,6.0,76541
135,11,2018-12-31,correctivo,transmision,364.8,36.4,83815
136,12,2016-01-01,preventivo,aceite_motor,287.87,5.4,51477
137,12,2016-04-09,preventivo,correa_distribucion,283.42,3.5,57899
138,12,2016-07-18,preventivo,bateria,483.81,2.4,62541
139,12,2016-10-25,correctivo,caja_cambios,2862.72,13.6,69034
140,12,2017-02-02,preventivo,correa_distribucion,261.38,1.4,74850
141,12,2017-05-12,correctivo,sistema_electrico,1358.77,29.0,79921
142,12,2017-08-20,preventivo,aceite_motor,367.79,5.2,86092
143,12,2017-11-27,preventivo,aceite_motor,401.31,5.4,89692
144,12,2018-03-07,preventivo,revision_frenos,335.94,3.8,93639
145,12,2018-06-14,preventivo,filtro_combustible,473.32,5.0,100152
146,12,2018-09-22,preventivo,bateria,403.91,2.3,105378
147,12,2018-12-31,preventivo,aceite_motor,164.98,4.6,111119
148,13,2016-01-01,correctivo,motor,916.42,46.4,27543
149,13,2016-06-05,preventivo,filtro_aire,368.37,3.0,32192
150,13,2016-11-08,correctivo,sistema_electrico,1297.78,36.8,36681
151,13,2017-04-14,correctivo,motor,737.86,11.5,43509
152,13,2017-09-17,preventivo,filtro_aire,359.6,3.5,46838
153,13,2018-02-21,correctivo,inyectores,988.24,40.6,51292
154,13,2018-07-27,preventivo,filtro_combustible,181.05,5.7,57789
155,13,2018-12-31,correctivo,inyectores,1888.41,10.4,65740
156,14,2016-01-01,correctivo,inyectores,773.19,16.7,30130
157,14,2016-04-01,preventivo,filtro_aire,180.62,2.5,35417
158,14,2016-07-01,preventivo,filtro_combustible,247.5,2.8,42633
159,14,2016-09-30,preventivo,filtro_combustible,163.04,2.0,48198
160,14,2016-12-31,correctivo,motor,1052.77,25.3,53851
161,14,2017-04-01,preventivo,correa_distribucion,224.27,1.5,60821
162,14,2017-07-01,preventivo,revision_frenos,213.89,5.8,66988
163,14,2017-09-30,preventivo,bateria,133.69,4.0,73454
164,14,2017-12-31,correctivo,frenos,679.22,24.6,79716
165,14,2018-04-01,preventivo,neumaticos,131.81,1.9,83125
166,14,2018-07-01,preventivo,revision_frenos,245.32,5.9,87879
167,14,2018-09-30,correctivo,motor,1025.64,20.1,92439
168,14,2018-12-31,preventivo,bateria,89.48,5.9,95984
169,15,2016-01-01,correctivo,escape,282.32,11.2,39029
170,15,2016-05-16,preventivo,filtro_combustible,142.74,2.3,43072
171,15,2016-09-30,preventivo,correa_distribucion,120.72,2.6,50490
172,15,2017-02-14,correctivo,sistema_electrico,863.82,21.3,54691
173,15,2017-07-01,preventivo,bateria,81.65,2.6,61951
174,15,2017-11-15,preventivo,bateria,154.91,5.0,69356
175,15,2018-04-01,preventivo,filtro_combustible,240.2,3.0,72777
176,15,2018-08-16,preventivo,correa_distribucion,88.62,1.1,77238
177,15,2018-12-31,correctivo,suspension,269.86,28.3,84422
178,16,2016-01-01,preventivo,correa_distribucion,581.5,3.1,41164
179,16,2016-03-25,preventivo,filtro_aire,314.0,5.7,44437
180,16,2016-06-17,preventivo,filtro_combustible,870.65,2.5,51708
181,16,2016-09-09,preventivo,bateria,594.42,1.7,57934
182,16,2016-12-02,correctivo,motor,3382.31,22.8,63731
183,16,2017-02-25,preventivo,bateria,419.48,2.8,70564
184,16,2017-05-20,preventivo,neumaticos,437.86,6.0,77009
185,16,2017-08-12,preventivo,neumaticos,693.86,1.8,81680
186,16,2017-11-04,preventivo,neumaticos,764.38,1.3,86709
187,16,2018-01-28,preventivo,neumaticos,324.66,3.2,94308
188,16,2018-04-22,correctivo,escape,3421.52,8.4,101599
189,16,2018-07-15,preventivo,correa_distribucion,587.22,5.2,109554
190,16,2018-10-07,correctivo,transmision,4057.75,10.1,113944
191,16,2018-12-31,correctivo,motor,2140.71,32.2,117316
192,17,2016-01-01,preventivo,bateria,129.63,4.0,37298
193,17,2016-04-01,preventivo,aceite_motor,242.37,3.4,44013
194,17,2016-07-01,correctivo,inyectores,1091.98,16.9,50509
195,17,2016-09-30,preventivo,correa_distribucion,231.65,2.4,56534
196,17,2016-12-31,preventivo,filtro_aire,196.3,2.8,61129
197,17,2017-04-01,preventivo,correa_distribucion,248.54,2.7,66905
198,17,2017-07-01,correctivo,motor,286.74,40.6,71134
199,17,2017-09-30,preventivo,filtro_aire,80.69,4.0,76305
200,17,2017-12-31,correctivo,inyectores,550.68,46.5,80655
201,17,2018-04-01,preventivo,aceite_motor,173.32,4.4,88256
202,17,2018-07-01,preventivo,neumaticos,96.31,2.7,91763
203,17,2018-09-30,preventivo,bateria,100.78,5.2,95465
204,17,2018-12-31,preventivo,correa_distribucion,158.86,4.9,103018
205,18,2016-01-01,preventivo,correa_distribucion,118.19,3.0,26629
206,18,2016-03-19,preventivo,correa_distribucion,212.84,3.1,33626
207,18,2016-06-05,preventivo,neumaticos,234.46,5.8,39587
208,18,2016-08-22,preventivo,bateria,216.1,4.8,43326
209,18,2016-11-08,preventivo,bateria,216.99,2.4,50245
210,18,2017-01-26,preventivo,filtro_combustible,232.91,5.1,53250
211,18,2017-04-14,correctivo,caja_cambios,998.36,8.8,57448
212,18,2017-07-01,preventivo,filtro_combustible,148.59,1.8,63189
213,18,2017-09-17,correctivo,escape,472.31,31.6,68994
214,18,2017-12-04,preventivo,revision_frenos,236.6,1.1,74852
215,18,2018-02-21,preventivo,neumaticos,116.53,2.9,79424
216,18,2018-05-10,preventivo,revision_frenos,110.16,3.7,82671
217,18,2018-07-27,preventivo,revision_frenos,230.51,4.0,86798
218,18,2018-10-13,preventivo,neumaticos,241.49,5.2,90484
219,18,2018-12-31,correctivo,frenos,514.22,45.9,96252
220,19,2016-01-01,preventivo,correa_distribucion,452.89,1.8,41179
221,19,2016-05-01,preventivo,correa_distribucion,165.65,4.5,47353
222,19,2016-08-31,correctivo,motor,1239.42,4.8,52645
223,19,2016-12-31,preventivo,correa_distribucion,215.42,2.6,60511
224,19,2017-05-01,preventivo,filtro_aire,358.97,1.4,64019
225,19,2017-08-31,correctivo,transmision,2583.21,16.1,70270
226,19,2017-12-31,preventivo,aceite_motor,339.68,5.2,77562
227,19,2018-05-01,preventivo,neumaticos,405.72,5.1,80837
228,19,2018-08-31,preventivo,revision_frenos,400.84,3.5,83920
229,19,2018-12-31,preventivo,correa_distribucion,431.28,2.2,90681
230,20,2016-01-01,preventivo,bateria,184.75,1.7,34579
231,20,2016-05-16,preventivo,aceite_motor,146.74,5.1,39619
232,20,2016-09-30,correctivo,transmision,1126.71,6.3,43351
233,20,2017-02-14,correctivo,escape,398.59,23.9,51277
234,20,2017-07-01,preventivo,filtro_aire,140.26,4.4,57961
235,20,2017-11-15,preventivo,revision_frenos,126.71,2.9,65675
236,20,2018-04-01,preventivo,neumaticos,172.53,5.8,72543
237,20,2018-08-16,correctivo,suspension,665.72,43.5,76797
238,20,2018-12-31,preventivo,correa_distribucion,139.3,3.1,84779
239,21,2016-01-01,preventivo,correa_distribucion,166.31,2.5,47142
240,21,2016-05-16,correctivo,sistema_electrico,910.7,10.7,53906
241,21,2016-09-30,preventivo,correa_distribucion,139.82,2.7,59472
242,21,2017-02-14,correctivo,motor,706.17,5.0,64959
243,21,2017-07-01,preventivo,filtro_aire,103.16,5.2,68069
244,21,2017-11-15,preventivo,correa_distribucion,177.68,5.1,71688
245,21,2018-04-01,correctivo,sistema_electrico,782.36,23.9,79440
246,21,2018-08-16,preventivo,bateria,221.09,3.0,83624
247,21,2018-12-31,correctivo,escape,678.64,43.8,88956
248,22,2016-01-01,preventivo,filtro_combustible,190.36,1.7,39987
249,22,2016-04-01,preventivo,aceite_motor,356.5,4.6,45010
250,22,2016-07-01,preventivo,revision_frenos,459.17,5.9,50515
251,22,2016-09-30,preventivo,filtro_aire,405.48,2.2,54243
252,22,2016-12-31,preventivo,neumaticos,353.28,2.6,57378
253,22,2017-04-01,preventivo,bateria,466.23,1.2,62848
254,22,2017-07-01,correctivo,transmision,2179.95,44.8,67792
255,22,2017-09-30,preventivo,neumaticos,268.94,1.4,72620
256,22,2017-12-31,preventivo,correa_distribucion,242.28,4.0,75993
257,22,2018-04-01,preventivo,neumaticos,208.55,4.2,82390
258,22,2018-07-01,preventivo,correa_distribucion,347.49,1.9,90333
259,22,2018-09-30,preventivo,filtro_aire,239.54,4.6,95506
260,22,2018-12-31,preventivo,filtro_aire,447.14,3.2,99718
261,23,2016-01-01,preventivo,filtro_aire,103.01,3.2,34969
262,23,2016-04-19,preventivo,filtro_aire,170.97,2.3,42571
263,23,2016-08-07,preventivo,correa_distribucion,200.32,3.9,47654
264,23,2016-11-24,preventivo,bateria,109.45,3.0,54350
265,23,2017-03-14,correctivo,motor,1074.16,23.9,61253
266,23,2017-07-01,correctivo,sistema_electrico,456.52,8.3,68904
267,23,2017-10-19,correctivo,motor,1184.88,28.5,72359
268,23,2018-02-05,correctivo,motor,316.25,45.7,79345
269,23,2018-05-26,preventivo,filtro_combustible,132.86,4.4,82446
270,23,2018-09-12,preventivo,filtro_combustible,126.05,1.9,85515
271,23,2018-12-31,preventivo,filtro_combustible,156.48,4.7,90821
272,24,2016-01-01,correctivo,sistema_electrico,1229.1,21.9,37829
273,24,2016-05-01,preventivo,correa_distribucion,312.0,3.5,41614
274,24,2016-08-31,correctivo,transmision,936.28,23.5,48531
275,24,2016-12-31,preventivo,aceite_motor,268.49,1.8,51944
276,24,2017-05-01,correctivo,escape,497.22,30.5,55638
277,24,2017-08-31,preventivo,filtro_combustible,161.2,4.3,61030
278,24,2017-12-31,correctivo,frenos,1392.48,25.6,64177
279,24,2018-05-01,preventivo,filtro_aire,384.45,1.8,68816
280,24,2018-08-31,preventivo,correa_distribucion,423.66,2.8,74060
281,24,2018-12-31,correctivo,escape,2788.15,38.6,77660
282,25,2016-01-01,correctivo,motor,685.57,27.4,33058
283,25,2016-05-16,preventivo,neumaticos,478.22,1.3,37439
284,25,2016-09-30,correctivo,escape,1781.21,20.8,45054
285,25,2017-02-14,correctivo,escape,1700.12,23.4,52788
286,25,2017-07-01,preventivo,aceite_motor,263.03,5.3,56535
287,25,2017-11-15,correctivo,frenos,1604.55,14.2,61998
288,25,2018-04-01,preventivo,aceite_motor,208.64,3.5,67701
289,25,2018-08-16,preventivo,aceite_motor,184.08,2.4,74129
290,25,2018-12-31,correctivo,inyectores,2608.19,26.0,78478
291,26,2016-01-01,preventivo,aceite_motor,227.9,4.2,28794
292,26,2016-05-01,preventivo,aceite_motor,128.66,3.0,34122
293,26,2016-08-31,correctivo,frenos,604.93,11.9,41596
294,26,2016-12-31,preventivo,aceite_motor,227.48,5.4,47841
295,26,2017-05-01,preventivo,revision_frenos,215.3,4.4,52732
296,26,2017-08-31,preventivo,bateria,236.85,4.3,55777
297,26,2017-12-31,correctivo,escape,911.3,41.7,61222
298,26,2018-05-01,preventivo,correa_distribucion,181.91,2.2,67659
299,26,2018-08-31,preventivo,filtro_aire,122.55,2.3,73687
300,26,2018-12-31,preventivo,aceite_motor,96.27,4.6,77243
301,27,2016-01-01,correctivo,motor,6912.49,20.7,42515
302,27,2016-04-01,preventivo,filtro_combustible,798.29,5.2,45609
303,27,2016-07-01,preventivo,bateria,420.49,1.6,50176
304,27,2016-09-30,preventivo,filtro_combustible,346.14,2.2,55227
305,27,2016-12-31,preventivo,bateria,695.67,1.5,60985
306,27,2017-04-01,preventivo,filtro_combustible,643.22,5.7,65067
307,27,2017-07-01,correctivo,caja_cambios,5304.19,15.3,72859
308,27,2017-09-30,correctivo,sistema_electrico,5312.51,47.0,78440
309,27,2017-12-31,preventivo,filtro_aire,430.7,4.9,82386
310,27,2018-04-01,preventivo,bateria,556.21,5.0,89207
311,27,2018-07-01,preventivo,aceite_motor,753.03,3.2,92385
312,27,2018-09-30,preventivo,aceite_motor,306.37,4.7,99847
313,27,2018-12-31,correctivo,inyectores,2055.32,32.9,107374
314,28,2016-01-01,preventivo,filtro_aire,162.38,3.7,34674
315,28,2016-03-25,preventivo,revision_frenos,241.83,2.7,41838
316,28,2016-06-17,preventivo,filtro_aire,180.34,5.7,46197
317,28,2016-09-09,correctivo,transmision,986.75,30.2,52937
318,28,2016-12-02,preventivo,correa_distribucion,108.74,3.3,56424
319,28,2017-02-25,correctivo,transmision,254.72,14.7,61935
320,28,2017-05-20,correctivo,caja_cambios,881.64,38.7,65458
321,28,2017-08-12,preventivo,correa_distribucion,215.03,5.9,71371
322,28,2017-11-04,preventivo,correa_distribucion,213.53,1.5,75082
323,28,2018-01-28,preventivo,filtro_combustible,175.36,5.0,79648
324,28,2018-04-22,preventivo,correa_distribucion,138.02,5.0,87580
325,28,2018-07-15,preventivo,neumaticos,172.0,2.7,92370
326,28,2018-10-07,correctivo,sistema_electrico,1041.11,31.4,97047
327,28,2018-12-31,preventivo,neumaticos,152.14,3.8,103341
328,29,2016-01-01,preventivo,bateria,764.67,5.7,55308
329,29,2016-05-16,preventivo,aceite_motor,602.63,3.3,62549
330,29,2016-09-30,correctivo,sistema_electrico,1489.89,11.1,70043
331,29,2017-02-14,preventivo,correa_distribucion,882.03,5.8,77701
332,29,2017-07-01,preventivo,revision_frenos,599.1,3.7,83455
333,29,2017-11-15,preventivo,bateria,822.96,4.9,87934
334,29,2018-04-01,preventivo,filtro_aire,578.14,3.6,93602
335,29,2018-08-16,preventivo,aceite_motor,701.18,1.4,97870
336,29,2018-12-31,correctivo,sistema_electrico,3996.54,31.6,105044
337,30,2016-01-01,correctivo,motor,3686.17,43.6,29495
338,30,2016-04-09,preventivo,bateria,521.79,2.1,34565
339,30,2016-07-18,preventivo,aceite_motor,797.93,5.0,39520
340,30,2016-10-25,preventivo,filtro_combustible,390.36,3.2,46329
341,30,2017-02-02,correctivo,motor,6775.95,44.1,50646
342,30,2017-05-12,preventivo,filtro_aire,647.01,5.7,57926
343,30,2017-08-20,preventivo,bateria,311.3,2.5,62884
344,30,2017-11-27,preventivo,correa_distribucion,776.86,2.8,68533
345,30,2018-03-07,preventivo,correa_distribucion,430.01,2.8,72541
346,30,2018-06-14,correctivo,caja_cambios,4207.13,43.4,76326
347,30,2018-09-22,preventivo,filtro_aire,504.9,2.5,79977
348,30,2018-12-31,preventivo,neumaticos,481.55,1.5,84284
349,31,2016-01-01,correctivo,caja_cambios,1452.37,27.8,37403
350,31,2016-05-01,preventivo,filtro_aire,219.82,5.2,42040
351,31,2016-08-31,preventivo,aceite_motor,181.85,2.3,48139
352,31,2016-12-31,preventivo,filtro_combustible,349.46,5.8,51981
353,31,2017-05-01,preventivo,bateria,257.48,4.4,56327
354,31,2017-08-31,preventivo,bateria,340.98,4.0,59627
355,31,2017-12-31,preventivo,filtro_combustible,176.83,5.9,67287
356,31,2018-05-01,preventivo,aceite_motor,414.4,5.2,73424
357,31,2018-08-31,correctivo,caja_cambios,2651.15,15.8,80555
358,31,2018-12-31,preventivo,neumaticos,459.67,4.6,86440
359,32,2016-01-01,preventivo,correa_distribucion,123.3,3.4,37114
360,32,2016-03-25,preventivo,filtro_aire,172.34,1.4,44114
361,32,2016-06-17,preventivo,bateria,88.3,2.6,51069
362,32,2016-09-09,preventivo,filtro_aire,142.21,5.3,55434
363,32,2016-12-02,correctivo,suspension,368.62,5.1,60825
364,32,2017-02-25,preventivo,neumaticos,245.44,1.0,68017
365,32,2017-05-20,correctivo,motor,430.0,35.6,72923
366,32,2017-08-12,preventivo,bateria,232.24,5.7,80431
367,32,2017-11-04,preventivo,bateria,117.95,1.5,84902
368,32,2018-01-28,preventivo,correa_distribucion,163.94,4.1,91482
369,32,2018-04-22,preventivo,filtro_aire,155.88,5.5,98095
370,32,2018-07-15,preventivo,neumaticos,201.6,5.1,104273
371,32,2018-10-07,preventivo,filtro_combustible,193.96,4.6,109098
372,32,2018-12-31,correctivo,suspension,712.15,31.8,113292
373,33,2016-01-01,preventivo,neumaticos,289.55,2.2,42438
374,33,2016-05-01,preventivo,revision_frenos,298.76,5.8,47713
375,33,2016-08-31,preventivo,neumaticos,350.93,3.8,51510
376,33,2016-12-31,preventivo,revision_frenos,293.37,3.7,57078
377,33,2017-05-01,preventivo,bateria,354.5,2.1,63221
378,33,2017-08-31,preventivo,filtro_aire,304.86,4.6,68612
379,33,2017-12-31,correctivo,frenos,2834.73,40.8,74170
380,33,2018-05-01,preventivo,revision_frenos,252.5,5.6,78710
381,33,2018-08-31,preventivo,filtro_combustible,181.6,5.3,81802
382,33,2018-12-31,preventivo,correa_distribucion,467.69,3.8,88870
383,34,2016-01-01,preventivo,neumaticos,472.7,1.5,35521
384,34,2016-03-25,preventivo,neumaticos,430.87,1.6,42179
385,34,2016-06-17,preventivo,filtro_aire,329.19,1.8,45765
386,34,2016-09-09,preventivo,filtro_combustible,301.72,6.0,50780
387,34,2016-12-02,correctivo,frenos,1466.88,31.3,58625
388,34,2017-02-25,correctivo,motor,2857.6,26.3,62868
389,34,2017-05-20,preventivo,filtro_aire,367.07,5.5,66349
390,34,2017-08-12,preventivo,filtro_aire,190.92,4.6,69586
391,34,2017-11-04,preventivo,filtro_aire,428.21,1.5,76578
392,34,2018-01-28,preventivo,filtro_combustible,228.48,5.7,79836
393,34,2018-04-22,preventivo,correa_distribucion,266.23,2.0,87363
394,34,2018-07-15,preventivo,revision_frenos,267.58,1.6,91189
395,34,2018-10-07,correctivo,inyectores,2829.58,19.3,97377
396,34,2018-12-31,preventivo,correa_distribucion,301.63,5.9,100839
397,35,2016-01-01,preventivo,correa_distribucion,339.51,2.0,32998
398,35,2016-05-01,preventivo,filtro_aire,227.47,2.1,37243
399,35,2016-08-31,preventivo,neumaticos,328.34,3.6,45144
400,35,2016-12-31,preventivo,filtro_combustible,192.65,5.5,52305
401,35,2017-05-01,preventivo,correa_distribucion,484.7,2.6,56492
402,35,2017-08-31,preventivo,filtro_combustible,222.82,1.7,64271
403,35,2017-12-31,preventivo,correa_distribucion,176.97,2.0,71534
404,35,2018-05-01,correctivo,transmision,1879.44,15.0,77877
405,35,2018-08-31,preventivo,revision_frenos,264.77,2.8,81740
406,35,2018-12-31,correctivo,frenos,2466.73,35.0,89607
407,36,2016-01-01,preventivo,bateria,392.56,4.6,53945
408,36,2016-04-19,preventivo,aceite_motor,278.76,5.9,60895
409,36,2016-08-07,preventivo,filtro_combustible,192.04,3.6,63924
410,36,2016-11-24,correctivo,sistema_electrico,2390.27,32.9,69691
411,36,2017-03-14,preventivo,correa_distribucion,489.94,5.8,72943
412,36,2017-07-01,correctivo,caja_cambios,727.31,39.6,76088
413,36,2017-10-19,preventivo,correa_distribucion,454.55,5.9,83398
414,36,2018-02-05,correctivo,transmision,1721.35,19.8,87964
415,36,2018-05-26,correctivo,caja_cambios,1130.39,15.3,93665
416,36,2018-09-12,correctivo,motor,599.7,47.6,97046
417,36,2018-12-31,preventivo,bateria,329.11,3.1,102158
418,37,2016-01-01,correctivo,transmision,4489.85,45.2,46628
419,37,2016-03-25,preventivo,aceite_motor,653.72,1.3,50078
420,37,2016-06-17,preventivo,filtro_combustible,820.91,2.1,55053
421,37,2016-09-09,correctivo,caja_cambios,4247.61,23.1,59791
422,37,2016-12-02,preventivo,correa_distribucion,821.75,1.8,64746
423,37,2017-02-25,preventivo,filtro_combustible,624.37,4.7,71393
424,37,2017-05-20,preventivo,aceite_motor,723.07,4.2,75125
425,37,2017-08-12,preventivo,neumaticos,737.91,5.5,81709
426,37,2017-11-04,preventivo,aceite_motor,780.21,4.0,88336
427,37,2018-01-28,correctivo,motor,5828.63,24.6,95577
428,37,2018-04-22,preventivo,filtro_aire,561.89,5.5,100141
429,37,2018-07-15,correctivo,suspension,3785.32,21.4,105898
430,37,2018-10-07,preventivo,filtro_aire,339.27,1.1,109564
431,37,2018-12-31,preventivo,aceite_motor,512.58,4.8,115068
432,38,2016-01-01,preventivo,aceite_motor,258.55,6.0,53104
433,38,2016-03-19,preventivo,revision_frenos,365.99,2.3,57161
434,38,2016-06-05,correctivo,caja_cambios,874.24,19.1,60803
435,38,2016-08-22,preventivo,neumaticos,365.42,5.7,66069
436,38,2016-11-08,correctivo,frenos,1496.3,4.8,70454
437,38,2017-01-26,correctivo,transmision,1639.5,10.7,74131
438,38,2017-04-14,preventivo,filtro_aire,348.12,4.7,79508
439,38,2017-07-01,preventivo,bateria,256.84,1.1,82655
440,38,2017-09-17,preventivo,aceite_motor,413.34,1.8,86417
441,38,2017-12-04,preventivo,filtro_combustible,479.18,3.0,93876
442,38,2018-02-21,preventivo,neumaticos,397.28,2.0,101419
443,38,2018-05-10,preventivo,filtro_combustible,318.18,4.3,106710
444,38,2018-07-27,preventivo,neumaticos,397.26,5.1,112094
445,38,2018-10-13,correctivo,motor,2068.82,29.8,116035
446,38,2018-12-31,correctivo,transmision,2459.52,29.7,119440
447,39,2016-01-01,preventivo,filtro_combustible,232.24,5.2,26547
448,39,2016-05-16,preventivo,filtro_aire,152.42,3.4,32081
449,39,2016-09-30,preventivo,neumaticos,119.19,3.1,38262
450,39,2017-02-14,correctivo,suspension,258.54,22.4,41309
451,39,2017-07-01,preventivo,correa_distribucion,144.28,5.0,47084
452,39,2017-11-15,correctivo,escape,749.77,16.5,50564
453,39,2018-04-01,preventivo,correa_distribucion,189.38,1.6,55637
454,39,2018-08-16,preventivo,filtro_aire,167.47,1.1,60935
455,39,2018-12-31,preventivo,correa_distribucion,147.1,3.1,64913
456,40,2016-01-01,preventivo,filtro_combustible,542.31,5.1,29934
457,40,2016-05-01,preventivo,neumaticos,336.76,2.4,37487
458,40,2016-08-31,preventivo,correa_distribucion,866.59,4.3,41589
459,40,2016-12-31,preventivo,filtro_combustible,711.66,2.7,46634
460,40,2017-05-01,preventivo,revision_frenos,727.89,2.7,50972
461,40,2017-08-31,correctivo,frenos,913.15,36.8,54956
462,40,2017-12-31,preventivo,filtro_aire,423.59,5.4,61537
463,40,2018-05-01,correctivo,sistema_electrico,4817.26,42.9,68033
464,40,2018-08-31,preventivo,filtro_combustible,898.06,4.5,73843
465,40,2018-12-31,correctivo,motor,6012.8,22.8,78713
466,41,2016-01-01,preventivo,neumaticos,307.63,5.8,50228
467,41,2016-04-19,preventivo,correa_distribucion,696.79,5.8,57500
468,41,2016-08-07,preventivo,correa_distribucion,415.04,3.6,63306
469,41,2016-11-24,preventivo,correa_distribucion,494.45,5.1,70057
470,41,2017-03-14,preventivo,revision_frenos,397.36,4.2,73113
471,41,2017-07-01,preventivo,correa_distribucion,473.49,1.0,77660
472,41,2017-10-19,preventivo,filtro_aire,572.79,1.2,82072
473,41,2018-02-05,preventivo,filtro_aire,371.86,2.3,87316
474,41,2018-05-26,preventivo,correa_distribucion,550.69,4.4,91466
475,41,2018-09-12,preventivo,aceite_motor,885.49,1.5,97644
476,41,2018-12-31,preventivo,bateria,453.48,2.1,105312
477,42,2016-01-01,preventivo,correa_distribucion,594.34,5.2,49441
478,42,2016-04-09,preventivo,correa_distribucion,379.33,5.1,55096
479,42,2016-07-18,preventivo,filtro_aire,542.88,3.3,60608
480,42,2016-10-25,correctivo,frenos,3191.77,10.2,68228
481,42,2017-02-02,preventivo,revision_frenos,604.77,5.9,74289
482,42,2017-05-12,preventivo,aceite_motor,413.76,4.1,77531
483,42,2017-08-20,preventivo,revision_frenos,334.83,3.9,80965
484,42,2017-11-27,correctivo,motor,6150.66,45.5,84662
485,42,2018-03-07,correctivo,sistema_electrico,4619.87,13.1,90257
486,42,2018-06-14,preventivo,bateria,482.4,4.0,96404
487,42,2018-09-22,correctivo,caja_cambios,6920.42,45.2,102648
488,42,2018-12-31,preventivo,bateria,509.73,3.4,106191
489,43,2016-01-01,preventivo,correa_distribucion,352.74,5.9,39486
490,43,2016-04-01,preventivo,bateria,832.52,4.8,43638
491,43,2016-07-01,preventivo,filtro_aire,567.65,2.7,49071
492,43,2016-09-30,preventivo,neumaticos,810.38,1.2,53306
493,43,2016-12-31,preventivo,filtro_combustible,418.93,5.2,61033
494,43,2017-04-01,preventivo,revision_frenos,645.0,4.1,64896
495,43,2017-07-01,preventivo,correa_distribucion,767.98,3.0,68083
496,43,2017-09-30,correctivo,transmision,2971.74,45.1,72205
497,43,2017-12-31,preventivo,filtro_combustible,536.85,3.1,79167
498,43,2018-04-01,preventivo,correa_distribucion,496.9,1.9,82965
499,43,2018-07-01,preventivo,neumaticos,621.51,2.9,90749
500,43,2018-09-30,correctivo,sistema_electrico,2025.73,31.0,95847
501,43,2018-12-31,preventivo,filtro_aire,456.14,2.7,102051
502,44,2016-01-01,preventivo,filtro_combustible,157.33,1.5,38232
503,44,2016-04-09,preventivo,bateria,197.24,4.4,45739
504,44,2016-07-18,preventivo,revision_frenos,149.01,1.3,49652
505,44,2016-10-25,preventivo,filtro_aire,152.74,4.9,56045
506,44,2017-02-02,correctivo,sistema_electrico,764.87,19.0,63763
507,44,2017-05-12,preventivo,correa_distribucion,218.87,5.6,71267
508,44,2017-08-20,preventivo,filtro_aire,188.82,1.6,74669
509,44,2017-11-27,preventivo,neumaticos,188.37,5.0,82170
510,44,2018-03-07,correctivo,inyectores,799.97,15.1,88707
511,44,2018-06-14,preventivo,correa_distribucion,247.11,3.5,92675
512,44,2018-09-22,correctivo,transmision,830.25,29.0,96345
513,44,2018-12-31,preventivo,revision_frenos,222.12,5.0,101415
514,45,2016-01-01,preventivo,bateria,238.44,1.8,44760
515,45,2016-04-01,preventivo,revision_frenos,176.08,4.3,48561
516,45,2016-07-01,preventivo,aceite_motor,117.94,5.1,54433
517,45,2016-09-30,preventivo,bateria,204.06,3.1,61130
518,45,2016-12-31,correctivo,escape,1103.73,16.2,65928
519,45,2017-04-01,preventivo,bateria,137.3,5.2,71190
520,45,2017-07-01,preventivo,bateria,161.5,1.2,77601
521,45,2017-09-30,preventivo,revision_frenos,183.03,5.5,80731
522,45,2017-12-31,correctivo,escape,438.54,43.9,87443
523,45,2018-04-01,preventivo,filtro_combustible,205.47,1.4,93954
524,45,2018-07-01,preventivo,filtro_aire,166.85,2.3,101673
525,45,2018-09-30,preventivo,neumaticos,162.71,3.1,107314
526,45,2018-12-31,correctivo,suspension,693.21,5.7,113108
527,46,2016-01-01,preventivo,neumaticos,118.5,1.4,35621
528,46,2016-04-09,preventivo,filtro_aire,175.39,2.9,41177
529,46,2016-07-18,preventivo,filtro_combustible,100.06,1.1,45703
530,46,2016-10-25,preventivo,bateria,158.65,4.3,50364
531,46,2017-02-02,preventivo,aceite_motor,188.91,4.6,55448
532,46,2017-05-12,preventivo,filtro_combustible,170.95,3.1,62447
533,46,2017-08-20,correctivo,frenos,338.94,33.9,66641
534,46,2017-11-27,preventivo,filtro_aire,141.6,4.4,70434
535,46,2018-03-07,preventivo,filtro_aire,194.11,1.1,75225
536,46,2018-06-14,preventivo,bateria,87.35,1.4,81348
537,46,2018-09-22,preventivo,bateria,204.21,4.4,85402
538,46,2018-12-31,correctivo,escape,478.77,44.4,92645
539,47,2016-01-01,preventivo,filtro_combustible,89.43,1.5,26308
540,47,2016-05-16,preventivo,bateria,142.54,1.7,29594
541,47,2016-09-30,correctivo,sistema_electrico,490.0,42.3,35627
542,47,2017-02-14,preventivo,filtro_combustible,105.09,3.5,40117
543,47,2017-07-01,preventivo,aceite_motor,229.08,3.6,45716
544,47,2017-11-15,correctivo,inyectores,582.41,39.6,53003
545,47,2018-04-01,preventivo,filtro_combustible,198.54,4.5,57401
546,47,2018-08-16,preventivo,filtro_aire,182.12,5.7,61952
547,47,2018-12-31,correctivo,inyectores,921.63,25.4,69542
548,48,2016-01-01,preventivo,bateria,740.74,5.2,40372
549,48,2016-05-01,preventivo,neumaticos,435.35,1.2,45593
550,48,2016-08-31,preventivo,filtro_combustible,457.88,3.0,49805
551,48,2016-12-31,preventivo,bateria,397.76,1.8,56521
552,48,2017-05-01,correctivo,motor,6408.3,10.6,62608
553,48,2017-08-31,preventivo,neumaticos,487.5,2.6,67289
554,48,2017-12-31,preventivo,neumaticos,836.29,3.1,72961
555,48,2018-05-01,preventivo,neumaticos,441.47,3.8,78000
556,48,2018-08-31,preventivo,correa_distribucion,612.04,1.7,84452
557,48,2018-12-31,correctivo,inyectores,6589.47,37.1,88923
558,49,2016-01-01,correctivo,inyectores,903.88,41.5,47591
559,49,2016-04-09,preventivo,revision_frenos,99.0,1.7,52834
560,49,2016-07-18,correctivo,transmision,1141.89,40.9,59776
561,49,2016-10-25,preventivo,correa_distribucion,178.67,5.2,67447
562,49,2017-02-02,correctivo,motor,284.67,10.9,73522
563,49,2017-05-12,preventivo,filtro_aire,197.14,5.1,79167
564,49,2017-08-20,preventivo,filtro_aire,89.24,2.9,86811
565,49,2017-11-27,preventivo,filtro_combustible,129.5,3.6,93946
566,49,2018-03-07,preventivo,filtro_combustible,89.99,5.5,98784
567,49,2018-06-14,preventivo,filtro_combustible,82.95,5.4,102497
568,49,2018-09-22,preventivo,neumaticos,246.72,4.5,107319
569,49,2018-12-31,correctivo,caja_cambios,1141.87,23.6,111327
570,50,2016-01-01,correctivo,suspension,2385.28,40.2,39604
571,50,2016-03-25,preventivo,filtro_aire,171.33,3.5,46783
572,50,2016-06-17,preventivo,bateria,164.51,2.1,50940
573,50,2016-09-09,preventivo,revision_frenos,231.49,3.9,58888
574,50,2016-12-02,preventivo,aceite_motor,280.7,1.3,63560
575,50,2017-02-25,preventivo,revision_frenos,215.41,2.3,70877
576,50,2017-05-20,correctivo,frenos,2921.51,32.9,75958
577,50,2017-08-12,correctivo,transmision,2774.13,45.6,79282
578,50,2017-11-04,correctivo,motor,1877.34,13.4,83941
579,50,2018-01-28,preventivo,revision_frenos,293.88,2.0,87335
580,50,2018-04-22,preventivo,neumaticos,349.47,3.1,92303
581,50,2018-07-15,preventivo,revision_frenos,419.91,4.3,100283
582,50,2018-10-07,preventivo,revision_frenos,383.49,2.7,106020
583,50,2018-12-31,preventivo,neumaticos,351.99,5.6,110066
584,51,2016-01-01,preventivo,bateria,490.39,4.0,31255
585,51,2016-05-01,preventivo,revision_frenos,454.09,4.2,36354
586,51,2016-08-31,preventivo,filtro_combustible,422.7,1.4,39805
587,51,2016-12-31,preventivo,neumaticos,180.57,1.4,47264
588,51,2017-05-01,preventivo,filtro_combustible,189.01,4.1,51944
589,51,2017-08-31,correctivo,escape,1962.26,39.1,55022
590,51,2017-12-31,preventivo,correa_distribucion,247.88,1.3,59301
591,51,2018-05-01,preventivo,correa_distribucion,385.74,4.0,62425
592,51,2018-08-31,preventivo,filtro_aire,487.48,3.6,66699
593,51,2018-12-31,correctivo,transmision,2436.09,36.1,72562
594,52,2016-01-01,preventivo,neumaticos,103.9,2.1,44079
595,52,2016-04-01,preventivo,correa_distribucion,238.43,2.4,47675
596,52,2016-07-01,correctivo,sistema_electrico,447.74,15.7,51455
597,52,2016-09-30,correctivo,sistema_electrico,624.97,34.8,56386
598,52,2016-12-31,correctivo,escape,698.32,30.2,62083
599,52,2017-04-01,correctivo,suspension,577.85,27.2,67745
600,52,2017-07-01,correctivo,sistema_electrico,1012.1,46.3,71576
601,52,2017-09-30,preventivo,correa_distribucion,221.97,3.5,75772
602,52,2017-12-31,correctivo,escape,808.76,31.3,81988
603,52,2018-04-01,preventivo,filtro_aire,227.94,4.4,87768
604,52,2018-07-01,preventivo,neumaticos,188.1,4.9,92734
605,52,2018-09-30,preventivo,bateria,223.03,3.2,98639
606,52,2018-12-31,preventivo,filtro_aire,192.2,2.3,102877
607,53,2016-01-01,preventivo,aceite_motor,346.16,1.7,37138
608,53,2016-04-09,preventivo,aceite_motor,206.31,3.5,42910
609,53,2016-07-18,preventivo,filtro_aire,160.54,1.5,48741
610,53,2016-10-25,preventivo,neumaticos,189.05,2.5,54312
611,53,2017-02-02,preventivo,bateria,436.05,1.5,60223
612,53,2017-05-12,preventivo,neumaticos,478.17,1.3,67811
613,53,2017-08-20,correctivo,frenos,1358.72,16.0,72020
614,53,2017-11-27,preventivo,filtro_combustible,495.29,3.8,76873
615,53,2018-03-07,preventivo,bateria,225.03,5.6,82047
616,53,2018-06-14,preventivo,filtro_combustible,378.14,1.5,88322
617,53,2018-09-22,preventivo,bateria,249.34,4.3,94187
618,53,2018-12-31,preventivo,aceite_motor,398.36,1.5,99535
619,54,2016-01-01,preventivo,neumaticos,134.88,5.9,38595
620,54,2016-03-19,preventivo,correa_distribucion,87.78,5.2,45839
621,54,2016-06-05,preventivo,bateria,159.28,5.0,52599
622,54,2016-08-22,correctivo,inyectores,499.38,4.5,59860
623,54,2016-11-08,preventivo,correa_distribucion,246.72,5.2,64354
624,54,2017-01-26,correctivo,caja_cambios,439.02,5.6,69835
625,54,2017-04-14,preventivo,filtro_aire,152.16,4.1,76912
626,54,2017-07-01,preventivo,revision_frenos,241.84,4.2,82829
627,54,2017-09-17,preventivo,neumaticos,192.98,2.9,89978
628,54,2017-12-04,preventivo,neumaticos,122.79,2.7,95671
629,54,2018-02-21,correctivo,suspension,805.5,42.6,102367
630,54,2018-05-10,preventivo,neumaticos,182.87,1.5,106190
631,54,2018-07-27,correctivo,sistema_electrico,294.18,41.4,111018
632,54,2018-10-13,preventivo,aceite_motor,194.35,4.0,114698
633,54,2018-12-31,correctivo,motor,623.13,31.2,119282
634,55,2016-01-01,correctivo,transmision,493.17,46.0,35236
635,55,2016-05-16,preventivo,correa_distribucion,160.53,5.1,40215
636,55,2016-09-30,preventivo,revision_frenos,243.49,3.2,44151
637,55,2017-02-14,preventivo,revision_frenos,109.83,6.0,50489
638,55,2017-07-01,correctivo,escape,298.73,9.0,57220
639,55,2017-11-15,preventivo,filtro_combustible,236.76,1.5,62694
640,55,2018-04-01,preventivo,filtro_aire,128.46,2.8,67302
641,55,2018-08-16,preventivo,revision_frenos,95.77,3.3,70394
642,55,2018-12-31,preventivo,filtro_combustible,112.66,4.7,73833
643,56,2016-01-01,preventivo,revision_frenos,165.23,4.2,44025
644,56,2016-05-16,preventivo,bateria,83.97,4.3,49325
645,56,2016-09-30,preventivo,aceite_motor,97.68,3.7,54832
646,56,2017-02-14,preventivo,revision_frenos,126.8,1.1,60254
647,56,2017-07-01,preventivo,bateria,102.15,5.7,67856
648,56,2017-11-15,preventivo,correa_distribucion,110.1,4.5,75169
649,56,2018-04-01,preventivo,aceite_motor,194.96,3.8,83144
650,56,2018-08-16,preventivo,filtro_aire,231.87,2.9,88393
651,56,2018-12-31,preventivo,filtro_aire,179.1,2.7,95352
652,57,2016-01-01,preventivo,bateria,269.64,5.0,32718
653,57,2016-05-01,preventivo,aceite_motor,304.16,2.7,35902
654,57,2016-08-31,preventivo,filtro_combustible,275.79,3.6,43185
655,57,2016-12-31,preventivo,filtro_combustible,464.11,2.4,48794
656,57,2017-05-01,preventivo,filtro_aire,458.74,3.0,55032
657,57,2017-08-31,preventivo,revision_frenos,267.28,2.0,60729
658,57,2017-12-31,correctivo,escape,2588.63,4.8,66532
659,57,2018-05-01,preventivo,revision_frenos,151.29,3.5,69819
660,57,2018-08-31,preventivo,filtro_combustible,439.82,2.4,75838
661,57,2018-12-31,correctivo,suspension,2901.81,10.7,83270
662,58,2016-01-01,preventivo,neumaticos,360.42,3.3,50733
663,58,2016-04-01,preventivo,correa_distribucion,409.12,1.8,55883
664,58,2016-07-01,preventivo,neumaticos,447.07,3.3,61445
665,58,2016-09-30,preventivo,filtro_combustible,497.45,3.7,65306
666,58,2016-12-31,correctivo,motor,2473.88,30.8,72628
667,58,2017-04-01,preventivo,bateria,289.18,3.2,76581
668,58,2017-07-01,preventivo,correa_distribucion,214.88,1.1,83343
669,58,2017-09-30,preventivo,neumaticos,162.97,5.6,90684
670,58,2017-12-31,correctivo,sistema_electrico,807.21,11.0,97224
671,58,2018-04-01,preventivo,bateria,427.49,1.3,102078
672,58,2018-07-01,preventivo,aceite_motor,150.23,4.3,108481
673,58,2018-09-30,preventivo,neumaticos,344.41,2.7,113951
674,58,2018-12-31,preventivo,filtro_combustible,237.99,2.9,121534
675,59,2016-01-01,preventivo,filtro_aire,230.84,4.5,45336
676,59,2016-03-19,preventivo,bateria,93.54,4.8,49705
677,59,2016-06-05,correctivo,frenos,442.2,37.4,54646
678,59,2016-08-22,preventivo,filtro_combustible,205.72,4.4,60827
679,59,2016-11-08,preventivo,revision_frenos,215.02,5.4,65672
680,59,2017-01-26,preventivo,neumaticos,201.97,2.8,71868
681,59,2017-04-14,preventivo,bateria,221.01,2.1,79041
682,59,2017-07-01,preventivo,filtro_aire,86.17,1.9,82770
683,59,2017-09-17,preventivo,filtro_combustible,90.53,1.1,87184
684,59,2017-12-04,preventivo,neumaticos,212.15,2.0,91860
685,59,2018-02-21,preventivo,revision_frenos,201.42,5.5,99095
686,59,2018-05-10,preventivo,bateria,105.69,2.4,104022
687,59,2018-07-27,preventivo,bateria,228.16,1.4,108094
688,59,2018-10-13,preventivo,neumaticos,190.78,5.5,113436
689,59,2018-12-31,correctivo,suspension,265.14,20.0,117845
690,60,2016-01-01,preventivo,filtro_aire,156.67,4.7,26832
691,60,2016-05-16,correctivo,sistema_electrico,703.99,12.6,33752
692,60,2016-09-30,correctivo,sistema_electrico,699.3,15.3,37789
693,60,2017-02-14,preventivo,bateria,418.9,5.3,44155
694,60,2017-07-01,preventivo,filtro_aire,224.44,5.4,47690
695,60,2017-11-15,preventivo,bateria,272.8,1.6,51064
696,60,2018-04-01,preventivo,revision_frenos,423.18,5.3,54912
697,60,2018-08-16,preventivo,filtro_combustible,404.1,5.1,61453
698,60,2018-12-31,correctivo,escape,2329.72,24.1,64773
